Accuracy,Balanced Accuracy,Precision,Recall,F1 Score
0.7463489244128676,0.5244932841664921,0.7133781673678493,0.7463489244128676,0.7175248714335204
