Accuracy,Balanced Accuracy,Precision,Recall,F1 Score
0.6,0.6666666666666666,0.8,0.6,0.5666666666666667
