Accuracy,Balanced Accuracy,Precision,Recall,F1 Score
0.7465462798500099,0.6017508848218943,0.7489468848582904,0.7465462798500099,0.7477235812791566
