Accuracy,Balanced Accuracy,Precision,Recall,F1 Score
0.9777777777777777,0.9777777777777779,0.9791666666666666,0.9777777777777777,0.9777530589543938
